{
  "hash": "4dd6af0e",
  "configHash": "22d7ab6a",
  "lockfileHash": "7d466857",
  "browserHash": "84110f03",
  "optimized": {
    "@angular/core": {
      "src": "../../../../../../node_modules/@angular/core/fesm2022/core.mjs",
      "file": "@angular_core.js",
      "fileHash": "2658a9df",
      "needsInterop": false
    },
    "@angular/platform-browser": {
      "src": "../../../../../../node_modules/@angular/platform-browser/fesm2022/platform-browser.mjs",
      "file": "@angular_platform-browser.js",
      "fileHash": "12e17d41",
      "needsInterop": false
    },
    "@angular/router": {
      "src": "../../../../../../node_modules/@angular/router/fesm2022/router.mjs",
      "file": "@angular_router.js",
      "fileHash": "51d676b5",
      "needsInterop": false
    },
    "three": {
      "src": "../../../../../../node_modules/three/build/three.module.js",
      "file": "three.js",
      "fileHash": "21a1966e",
      "needsInterop": false
    },
    "zone.js": {
      "src": "../../../../../../node_modules/zone.js/fesm2015/zone.js",
      "file": "zone__js.js",
      "fileHash": "85fed057",
      "needsInterop": true
    }
  },
  "chunks": {
    "chunk-NXYXNEOR": {
      "file": "chunk-NXYXNEOR.js"
    },
    "chunk-2HAAU745": {
      "file": "chunk-2HAAU745.js"
    },
    "chunk-WDMUDEB6": {
      "file": "chunk-WDMUDEB6.js"
    }
  }
}